Which Dependency Injection Tool Should I Use?,148908
Does WPF have equivalent controls for all Winforms controls?,120029
How to patch on Windows?,19611
What is a .snk for?,131181
"Switching editors in Eclipse with keyboard, rather than switching Design/Source",61704
What are the C# documentation tags?,65969
Is it possible to link to a bookmark within a PDF using URL parameters?,125632
How important is a database in managing information?,76934
How do I specify the exit code of a console application in .NET?,155610
Why does HttpCacheability.Private suppress ETags?,32824
How do you specify a port range for Java sockets?,115500
What is the best way to send html/image email?,44532
Is there a way to run Python on Android?,101754
"What is the best way to go in the long term: C, Objective C, or C++?",109937
Is there a way to programmatically import ICS into Google Calendar?,135302
When should I use GC.SuppressFinalize()?,151051
Why do fixed elements slow down scrolling in Firefox?,67588
"How should I structure a Java application, in other words: where do I put my classes?",7596
Reserved Keywords in Javascript,26255
Determine if a directory is a bundle or package in the Mac OS X terminal?,121147
Best way to extract a timezone from a mail Date header in Java?,108200
storing state across postback,95077
Print Odd-Even numbers using signals,35380
How do you force Visual Studio to regenerate the .designer files for aspx/ascx files?,45325
"Performance critical GUI application (windows,linux)",9846
How do I use mod_rewrite to change the path and filename of a URL,105308
Is there a Macro Recorder for Eclipse?,103202
What is Microsoft Sharepoint?,89101
Starting a new job focused on brownfield application refactoring & Agile,56764
How do I replace text inside a div element?,121817
"Is there a lightweight, preferable open source, formatable label control for dotnet?",5704
How do I get the coordinates of a mouse click on a canvas element?,55677
EasyMock: How do I create a mock of a genericized class without a warning?,56954
Can HTML checkboxes be set to readonly?,155291
How to create Excel 2003 UDF with a C# Excel add-in using VSTO 2005 SE,124121
Implementing rulers in C# form,150031
How do I prevent Flash's URLRequest from escaping the url?,62437
Is there a performance difference between inc(i) and i := i + 1 in Delphi?,138994
SQL Server Management Studio â€“ tips for improving the TSQL coding process,101079
"where can I find a description of *all* MIPS instructions,",135896
"What's the correct term for \number of std deviations\"" away from a mean""",79476
WPF Commands and Parameters,151700
Is there a way to get a System.Configuration.Configuration instance based on arbitrary xml?,20952
From Monorail to ASP.Net MVC,24165
"Before XML became a standard and given all its shortcomings, what made XML so popular?",116195
Are PHP Variables passed by value or by reference?,879
How to merge two Python dictionaries in a single expression?,38987
How can I create XML from Perl?,154762
Recovering from a slightly out of date subversion repository backup,56543
Tools to view/solve Windows XP memory fragmentation,103622